Commit run at Sun Oct 19 17:10:59 UTC 2025
Commit run at Sun Oct 19 17:11:08 UTC 2025
Commit run at Mon Oct 20 09:39:27 UTC 2025
Commit run at Tue Oct 21 09:36:57 UTC 2025
Commit run at Wed Oct 22 09:40:48 UTC 2025
Commit run at Thu Oct 23 09:37:36 UTC 2025
Commit run at Fri Oct 24 09:34:23 UTC 2025
Commit run at Sat Oct 25 09:28:09 UTC 2025
Commit run at Sun Oct 26 09:28:18 UTC 2025
Commit run at Mon Oct 27 09:41:11 UTC 2025
Commit run at Tue Oct 28 09:38:02 UTC 2025
Commit run at Wed Oct 29 09:36:06 UTC 2025
Commit run at Thu Oct 30 09:36:45 UTC 2025
Commit run at Fri Oct 31 09:36:10 UTC 2025
Commit run at Sat Nov  1 09:29:32 UTC 2025
Commit run at Sun Nov  2 09:28:21 UTC 2025
Commit run at Mon Nov  3 09:46:54 UTC 2025
Commit run at Tue Nov  4 09:39:57 UTC 2025
Commit run at Wed Nov  5 09:13:48 UTC 2025
